<?xml version="1.0" encoding="UTF-8"?>
<configuration>
	<appender name="console" class="ch.qos.logback.core.ConsoleAppender">
		<encoder>
			<pattern> %d{HH:mm:ss.SSS} %highlight(%-5level) %magenta(%-4relative) --- [ %thread{10} ] %cyan(%logger{40}) : %msg%n </pattern>
		</encoder>
	</appender>
	<!-- 
		작업 결과를 찍을 때 System.out.println()을 사용하면 안된다.
		로깅 레벨 : error > warn > info > debug > trace  / trace가 가장 구체적
		동작을 찍어보는 것
	 -->
	
	<!--  com.example에 소속된 클래스들의 로깅 레벨 -->
	<logger name="com.icia" level="info" />
	
	<!-- 스프링에 대한 로깅 설정 -->
	<logger name="org.springframework" level="info" />
	<!-- 스프링이 매핑된 컨트롤러 주소를 모두 출력하도록 설정 -->
	<logger name="org.springframework.web.servlet.mvc.method.annotation.RequestMappingHandlerMapping" level="trace" />
	
	<!--  log4jdbc 로깅 설정 -->
	<!-- sql 출력 -->
	<logger name="jdbc.sqlonly" level="info"/>
	<logger name="jdbc.connection" level="warn"/>
	<!-- select문의 경우 출력결과를 테이블로 출력 -->
	<logger name="jdbc.resultsettable" level="info"/>
	<logger name="jdbc.audit" level="warn"/>
	<logger name="jdbc.sqltiming" level="warn"/>
	<logger name="jdbc.resultset" level="warn"/>
	<root level="warn">
		<appender-ref ref="console" />
	</root>
</configuration>