<?xml version="1.0" encoding="UTF-8"?>

<!DOCTYPE mapper PUBLIC "//mybatis.org/DTD Mapper 3.0//EN" "http://mybatis.org/dtd/mybatis-3-mapper.dtd" >

<mapper namespace="com.example.demo.dao.BoardDao">
	<select id="findAll" resultType="com.example.demo.dto.BoardDto$ListDto">
		select bno, title, nickname, readCnt from board
	</select>
	
	<select id="findById" resultType="com.example.demo.dto.BoardDto$ReadDto">
		select bno, title, nickname, content, writeTime, readCnt from board where bno=#{bno}
	</select>
	
	<!-- 마이바티스는 자바클래스에 대한 typealias를 가지고 있다 -->
	<insert id="save">
	<selectKey resultType="int" keyProperty="bno" order="BEFORE">
		<!-- select board_seq.nextval from dual / 아래와 같은 의미이나 훨씬 빠름, 중간에 값이 빠짐  -->
		select max(bno)+1 from board <!-- 자료를 뒤져서 맥스값을 찾아야 함으로 느림, 중간에 빠진 값이 없음, 추천 -->
	</selectKey>
		insert into board(bno, title, nickname, password, content) values(#{bno}, #{title}, #{nickname}, #{password}, #{content}) 
	</insert>
</mapper>
        
