<?xml version="1.0" encoding="UTF-8"?>

<!DOCTYPE mapper PUBLIC "-//mybatis.org//DTD Mapper 3.0//EN"
        "http://mybatis.org/dtd/mybatis-3-mapper.dtd">
        
<mapper namespace="com.example.demo.dao.BoardDao">

<insert id="save">
<selectKey resultType="int" keyProperty="bno" order="BEFORE">
	select nvl(max(bno)+1, 1) from board <!-- bno가 없을 때 null이므로 기본 값으로 1을 준다. -->
</selectKey>
	insert into board(bno,title,content,writer,password) values(#{bno}, #{title}, #{content}, #{writer}, #{password})
</insert>
<select id="findAll" resultType="com.example.demo.dto.BoardDto$ListDto"> <!-- 내부클래스는 .이 아닌 $로 표현한다. -->
	select bno, title, writer, readCnt from board
</select>
<select id="findById" resultType="com.example.demo.dto.BoardDto$ReadDto">
	select bno, title, content, writer, writeTime, readCnt from board where bno=#{bno}
</select>
<update id="update">
	update board set title=#{title}, content=#{content} where bno=#{bno}
</update>
<delete id="deleteById">
	delete from board where bno=#{bno}
</delete>
<update id="increaseReadCnt">
	update board set readCnt=readCnt+1 where bno=#{bno}
</update>
<select id="findPassword" resultType="String">
	select password from board where bno=#{bno}
</select>

</mapper>